timestamp,distance_m,los,note,channel,rate_kbps,pa,mode,n,tx_sent,rx_unique,rx_dup,rx_ooo,tx_acked,tx_failed,retries_total,retries_max,rpd_hits,rpd_samples,duration_ms,per_pct,status
2026-09-06T20:03:31,1.0,1,,5,250,MAX,NOACK,1000,1000,0,0,0,0,0,0,0,1287,2501,2007,100.00,OK
2026-09-06T20:03:36,1.0,1,,5,250,MAX,ACK,1000,100,0,0,0,0,100,1500,15,4789,5001,4758,100.00,TX_ABORTED
2026-09-06T20:03:38,1.0,1,,5,1000,MAX,NOACK,1000,0,0,0,0,0,0,0,0,0,0,0,100.00,CTRL_TIMEOUT
2026-09-06T20:03:40,1.0,1,,5,1000,MAX,ACK,1000,0,0,0,0,0,0,0,0,0,0,0,100.00,CTRL_TIMEOUT
2026-09-06T20:03:44,1.0,1,,5,2000,MAX,NOACK,1000,1000,0,0,0,0,0,0,0,192,2501,2007,100.00,OK
2026-09-06T20:04:15,1.0,1,,5,2000,MAX,ACK,1000,1000,260,0,0,260,740,13241,15,25098,30262,25465,74.00,OK
2026-09-06T20:08:41,5.0,1,,5,250,MAX,NOACK,1000,1000,0,0,0,0,0,0,0,2053,2501,2007,100.00,OK
2026-09-06T20:08:43,5.0,1,,5,250,MAX,ACK,1000,0,0,0,0,0,0,0,0,0,0,0,100.00,CTRL_TIMEOUT
2026-09-06T20:08:45,5.0,1,,5,1000,MAX,NOACK,1000,0,0,0,0,0,0,0,0,0,0,0,100.00,CTRL_TIMEOUT
2026-09-06T20:08:52,5.0,1,,5,1000,MAX,ACK,1000,100,0,0,0,0,100,1500,15,3067,5001,3164,100.00,TX_ABORTED
2026-09-06T20:08:55,5.0,1,,5,2000,MAX,NOACK,1000,1000,14,0,0,0,0,0,0,2918,3001,2007,98.60,OK
2026-09-06T20:09:17,5.0,1,,5,2000,MAX,ACK,1000,1000,582,0,0,582,418,10575,15,17056,20495,20245,41.80,OK
2026-09-06T20:11:01,10.0,1,,5,250,MAX,NOACK,1000,1000,0,0,0,0,0,0,0,1251,2501,2007,100.00,OK
2026-09-06T20:11:06,10.0,1,,5,250,MAX,ACK,1000,100,0,0,0,0,100,1500,15,4861,5001,4758,100.00,TX_ABORTED
2026-09-06T20:11:08,10.0,1,,5,1000,MAX,NOACK,1000,0,0,0,0,0,0,0,0,0,0,0,100.00,CTRL_TIMEOUT
2026-09-06T20:11:10,10.0,1,,5,1000,MAX,ACK,1000,0,0,0,0,0,0,0,0,0,0,0,100.00,CTRL_TIMEOUT
2026-09-06T20:11:15,10.0,1,,5,2000,MAX,NOACK,1000,1000,59,0,0,0,0,0,0,2939,3001,2007,94.10,OK
2026-09-06T20:11:34,10.0,1,,5,2000,MAX,ACK,1000,1000,703,0,0,703,297,9133,15,13679,17747,17496,29.70,OK
2026-09-06T20:12:21,15.0,1,,5,250,MAX,NOACK,1000,1000,0,0,0,0,0,0,0,1274,2501,2007,100.00,OK
2026-09-06T20:12:23,15.0,1,,5,250,MAX,ACK,1000,0,0,0,0,0,0,0,0,0,0,0,100.00,CTRL_TIMEOUT
2026-09-06T20:12:25,15.0,1,,5,1000,MAX,NOACK,1000,0,0,0,0,0,0,0,0,0,0,0,100.00,CTRL_TIMEOUT
2026-09-06T20:12:32,15.0,1,,5,1000,MAX,ACK,1000,100,0,0,0,0,100,1500,15,566,5001,3164,100.00,TX_ABORTED
2026-09-06T20:12:35,15.0,1,,5,2000,MAX,NOACK,1000,1000,14,0,0,0,0,0,0,2901,3001,2007,98.60,OK
2026-09-06T20:12:37,15.0,1,,5,2000,MAX,ACK,1000,0,0,0,0,0,0,0,0,0,0,0,100.00,CTRL_TIMEOUT
2026-09-06T20:13:13,20.0,1,,5,250,MAX,NOACK,1000,1000,0,0,0,0,0,0,0,1269,2501,2007,100.00,OK
2026-09-06T20:13:15,20.0,1,,5,250,MAX,ACK,1000,0,0,0,0,0,0,0,0,0,0,0,100.00,CTRL_TIMEOUT
2026-09-06T20:13:17,20.0,1,,5,1000,MAX,NOACK,1000,0,0,0,0,0,0,0,0,0,0,0,100.00,CTRL_TIMEOUT
2026-09-06T20:13:24,20.0,1,,5,1000,MAX,ACK,1000,100,0,0,0,0,100,1500,15,577,5001,3164,100.00,TX_ABORTED
2026-09-06T20:13:26,20.0,1,,5,2000,MAX,NOACK,1000,0,0,0,0,0,0,0,0,0,0,0,100.00,CTRL_TIMEOUT
2026-09-06T20:13:52,20.0,1,,5,2000,MAX,ACK,1000,1000,502,0,0,501,499,11113,15,17326,21570,21320,49.90,OK
2026-09-06T20:14:48,20.0,1,,5,250,MAX,NOACK,1000,1000,0,0,0,0,0,0,0,1279,2501,2007,100.00,OK
2026-09-06T20:14:53,20.0,1,,5,250,MAX,ACK,1000,100,0,0,0,0,100,1500,15,4840,5001,4758,100.00,TX_ABORTED
2026-09-06T20:14:55,20.0,1,,5,1000,MAX,NOACK,1000,0,0,0,0,0,0,0,0,0,0,0,100.00,CTRL_TIMEOUT
2026-09-06T20:14:58,20.0,1,,5,1000,MAX,ACK,1000,0,0,0,0,0,0,0,0,0,0,0,100.00,CTRL_TIMEOUT
2026-09-06T20:15:02,20.0,1,,5,2000,MAX,NOACK,1000,1000,10,0,0,0,0,0,0,2911,3001,2007,99.00,OK
2026-09-06T20:15:04,20.0,1,,5,2000,MAX,ACK,1000,0,0,0,0,0,0,0,0,0,0,0,100.00,CTRL_TIMEOUT
2026-09-06T20:16:14,30.0,1,,5,250,MAX,NOACK,1000,1000,0,0,0,0,0,0,0,1260,2501,2007,100.00,OK
2026-09-06T20:16:20,30.0,1,,5,250,MAX,ACK,1000,100,0,0,0,0,100,1500,15,4738,5001,4758,100.00,TX_ABORTED
2026-09-06T20:16:23,30.0,1,,5,1000,MAX,NOACK,1000,1000,0,0,0,0,0,0,0,2445,2501,2007,100.00,OK
2026-09-06T20:16:25,30.0,1,,5,1000,MAX,ACK,1000,0,0,0,0,0,0,0,0,0,0,0,100.00,CTRL_TIMEOUT
2026-09-06T20:16:27,30.0,1,,5,2000,MAX,NOACK,1000,0,0,0,0,0,0,0,0,0,0,0,100.00,CTRL_TIMEOUT
2026-09-06T20:17:05,30.0,1,,5,2000,MAX,ACK,1000,0,180,0,0,0,0,0,0,31656,32384,0,82.00,REPORT_TIMEOUT
2026-09-06T20:18:56,50.0,1,,5,250,MAX,NOACK,1000,1000,0,0,0,0,0,0,0,1201,2501,2007,100.00,OK
2026-09-06T20:19:02,50.0,1,,5,250,MAX,ACK,1000,100,0,0,0,0,100,1500,15,4899,5001,4758,100.00,TX_ABORTED
2026-09-06T20:19:04,50.0,1,,5,1000,MAX,NOACK,1000,0,0,0,0,0,0,0,0,0,0,0,100.00,CTRL_TIMEOUT
2026-09-06T20:19:12,50.0,1,,5,1000,MAX,ACK,1000,100,0,0,0,0,100,1500,15,563,5001,3164,100.00,TX_ABORTED
2026-09-06T20:19:14,50.0,1,,5,2000,MAX,NOACK,1000,0,0,0,0,0,0,0,0,0,0,0,100.00,CTRL_TIMEOUT
2026-09-06T20:19:47,50.0,1,,5,2000,MAX,ACK,1000,0,418,0,0,0,0,0,0,24703,27548,0,58.20,REPORT_TIMEOUT
2026-09-06T20:21:30,70.0,1,,5,250,MAX,NOACK,1000,1000,0,0,0,0,0,0,0,866,2501,2007,100.00,OK
2026-09-06T20:22:00,70.0,1,,5,250,MAX,ACK,1000,0,0,0,0,0,0,0,0,4742,5001,0,100.00,REPORT_TIMEOUT
2026-09-06T20:22:04,70.0,1,,5,1000,MAX,NOACK,1000,1000,0,0,0,0,0,0,0,343,2501,2007,100.00,OK
2026-09-06T20:22:10,70.0,1,,5,1000,MAX,ACK,1000,100,0,0,0,0,100,1500,15,3993,5001,3164,100.00,TX_ABORTED
2026-09-06T20:22:12,70.0,1,,5,2000,MAX,NOACK,1000,0,0,0,0,0,0,0,0,0,0,0,100.00,CTRL_TIMEOUT
2026-09-06T20:22:49,70.0,1,,5,2000,MAX,ACK,1000,0,246,0,0,0,0,0,0,26403,30631,0,75.40,REPORT_TIMEOUT
2026-09-06T20:24:02,90.0,1,,5,250,MAX,NOACK,1000,1000,0,0,0,0,0,0,0,2,2501,2007,100.00,OK
2026-09-06T20:24:04,90.0,1,,5,250,MAX,ACK,1000,0,0,0,0,0,0,0,0,0,0,0,100.00,CTRL_TIMEOUT
2026-09-06T20:24:06,90.0,1,,5,1000,MAX,NOACK,1000,0,0,0,0,0,0,0,0,0,0,0,100.00,CTRL_TIMEOUT
2026-09-06T20:24:15,90.0,1,,5,1000,MAX,ACK,1000,100,0,0,0,0,100,1500,15,22,5001,3164,100.00,TX_ABORTED
2026-09-06T20:24:17,90.0,1,,5,2000,MAX,NOACK,1000,0,0,0,0,0,0,0,0,0,0,0,100.00,CTRL_TIMEOUT
2026-09-06T20:24:53,90.0,1,,5,2000,MAX,ACK,1000,0,328,0,0,0,0,0,0,18553,29301,0,67.20,REPORT_TIMEOUT
2026-09-06T20:26:05,110.0,1,,5,250,MAX,NOACK,1000,1000,0,0,0,0,0,0,0,897,2501,2007,100.00,OK
2026-09-06T20:26:15,110.0,1,,5,250,MAX,ACK,1000,100,0,0,0,0,100,1500,15,4271,5001,4758,100.00,TX_ABORTED
2026-09-06T20:26:17,110.0,1,,5,1000,MAX,NOACK,1000,0,0,0,0,0,0,0,0,0,0,0,100.00,CTRL_TIMEOUT
2026-09-06T20:26:19,110.0,1,,5,1000,MAX,ACK,1000,0,0,0,0,0,0,0,0,0,0,0,100.00,CTRL_TIMEOUT
2026-09-06T20:26:24,110.0,1,,5,2000,MAX,NOACK,1000,1000,4,0,0,0,0,0,0,2896,3001,2007,99.60,OK
2026-09-06T20:26:26,110.0,1,,5,2000,MAX,ACK,1000,0,0,0,0,0,0,0,0,0,0,0,100.00,CTRL_TIMEOUT
2026-09-06T20:28:25,130.0,1,,5,250,MAX,NOACK,1000,0,0,0,0,0,0,0,0,0,0,0,100.00,CTRL_TIMEOUT
2026-09-06T20:28:34,130.0,1,,5,250,MAX,ACK,1000,100,0,0,0,0,100,1500,15,0,5001,4758,100.00,TX_ABORTED
2026-09-06T20:28:36,130.0,1,,5,1000,MAX,NOACK,1000,0,0,0,0,0,0,0,0,0,0,0,100.00,CTRL_TIMEOUT
2026-09-06T20:28:38,130.0,1,,5,1000,MAX,ACK,1000,0,0,0,0,0,0,0,0,0,0,0,100.00,CTRL_TIMEOUT
2026-09-06T20:28:41,130.0,1,,5,2000,MAX,NOACK,1000,1000,0,0,0,0,0,0,0,0,2501,2007,100.00,OK
2026-09-06T20:28:43,130.0,1,,5,2000,MAX,ACK,1000,0,0,0,0,0,0,0,0,0,0,0,100.00,CTRL_TIMEOUT
2026-09-06T20:31:53,150.0,1,,5,250,MAX,NOACK,1000,1000,0,0,0,0,0,0,0,2,2501,2007,100.00,OK
2026-09-06T20:31:58,150.0,1,,5,250,MAX,ACK,1000,100,0,0,0,0,100,1500,15,0,5001,4758,100.00,TX_ABORTED
2026-09-06T20:32:01,150.0,1,,5,1000,MAX,NOACK,1000,0,0,0,0,0,0,0,0,0,0,0,100.00,CTRL_TIMEOUT
2026-09-06T20:32:03,150.0,1,,5,1000,MAX,ACK,1000,0,0,0,0,0,0,0,0,0,0,0,100.00,CTRL_TIMEOUT
2026-09-06T20:32:08,150.0,1,,5,2000,MAX,NOACK,1000,1000,0,0,0,0,0,0,0,0,2501,2007,100.00,OK
2026-09-06T20:32:10,150.0,1,,5,2000,MAX,ACK,1000,0,0,0,0,0,0,0,0,0,0,0,100.00,CTRL_TIMEOUT
2026-09-06T21:52:40,1.0,1,,5,250,LOW,NOACK,200,0,0,0,0,0,0,0,0,0,0,0,100.00,CTRL_TIMEOUT
2026-09-06T21:52:42,1.0,1,,5,250,LOW,ACK,200,0,0,0,0,0,0,0,0,0,0,0,100.00,CTRL_TIMEOUT
2026-09-06T21:52:44,1.0,1,,5,1000,LOW,NOACK,200,0,0,0,0,0,0,0,0,0,0,0,100.00,CTRL_TIMEOUT
2026-09-06T21:52:46,1.0,1,,5,1000,LOW,ACK,200,0,0,0,0,0,0,0,0,0,0,0,100.00,CTRL_TIMEOUT
2026-09-06T21:52:48,1.0,1,,5,2000,LOW,NOACK,200,0,0,0,0,0,0,0,0,0,0,0,100.00,CTRL_TIMEOUT
2026-09-06T21:52:50,1.0,1,,5,2000,LOW,ACK,200,0,0,0,0,0,0,0,0,0,0,0,100.00,CTRL_TIMEOUT
2026-09-06T21:53:12,1.0,1,,4,250,LOW,NOACK,200,0,0,0,0,0,0,0,0,0,0,0,100.00,CTRL_TIMEOUT
2026-09-06T21:53:14,1.0,1,,4,250,LOW,ACK,200,0,0,0,0,0,0,0,0,0,0,0,100.00,CTRL_TIMEOUT
2026-09-06T21:53:16,1.0,1,,4,1000,LOW,NOACK,200,0,0,0,0,0,0,0,0,0,0,0,100.00,CTRL_TIMEOUT
2026-09-06T21:53:18,1.0,1,,4,1000,LOW,ACK,200,0,0,0,0,0,0,0,0,0,0,0,100.00,CTRL_TIMEOUT
2026-09-06T21:53:20,1.0,1,,4,2000,LOW,NOACK,200,0,0,0,0,0,0,0,0,0,0,0,100.00,CTRL_TIMEOUT
2026-09-06T21:53:22,1.0,1,,4,2000,LOW,ACK,200,0,0,0,0,0,0,0,0,0,0,0,100.00,CTRL_TIMEOUT
2026-09-06T21:57:44,1.0,1,,80,250,LOW,NOACK,200,200,197,0,0,0,0,0,0,602,652,401,1.50,OK
2026-09-06T21:57:46,1.0,1,,80,250,LOW,ACK,200,0,0,0,0,0,0,0,0,0,0,0,100.00,CTRL_TIMEOUT
2026-09-06T21:57:48,1.0,1,,80,1000,LOW,NOACK,200,0,0,0,0,0,0,0,0,0,0,0,100.00,CTRL_TIMEOUT
2026-09-06T21:57:50,1.0,1,,80,1000,LOW,ACK,200,0,0,0,0,0,0,0,0,0,0,0,100.00,CTRL_TIMEOUT
2026-09-06T21:57:52,1.0,1,,80,2000,LOW,NOACK,200,0,0,0,0,0,0,0,0,0,0,0,100.00,CTRL_TIMEOUT
2026-09-06T21:57:54,1.0,1,,80,2000,LOW,ACK,200,0,0,0,0,0,0,0,0,0,0,0,100.00,CTRL_TIMEOUT
2026-09-06T21:58:21,1.0,1,,80,250,HIGH,NOACK,200,0,0,0,0,0,0,0,0,0,0,0,100.00,CTRL_TIMEOUT
2026-09-06T21:58:23,1.0,1,,80,250,HIGH,ACK,200,0,0,0,0,0,0,0,0,0,0,0,100.00,CTRL_TIMEOUT
2026-09-06T21:58:26,1.0,1,,80,1000,HIGH,NOACK,200,0,0,0,0,0,0,0,0,0,0,0,100.00,CTRL_TIMEOUT
2026-09-06T21:58:28,1.0,1,,80,1000,HIGH,ACK,200,0,0,0,0,0,0,0,0,0,0,0,100.00,CTRL_TIMEOUT
2026-09-06T21:58:29,1.0,1,,80,2000,HIGH,NOACK,200,200,200,0,0,0,0,0,0,601,660,401,0.00,OK
2026-09-06T21:58:31,1.0,1,,80,2000,HIGH,ACK,200,0,0,0,0,0,0,0,0,0,0,0,100.00,CTRL_TIMEOUT
2026-09-06T21:59:04,1.0,1,,80,250,HIGH,NOACK,200,200,180,0,0,0,0,0,0,602,661,401,10.00,OK
2026-09-06T21:59:06,1.0,1,,80,250,HIGH,ACK,200,0,0,0,0,0,0,0,0,0,0,0,100.00,CTRL_TIMEOUT
2026-09-06T21:59:09,1.0,1,,80,1000,HIGH,NOACK,200,0,0,0,0,0,0,0,0,0,0,0,100.00,CTRL_TIMEOUT
2026-09-06T21:59:11,1.0,1,,80,1000,HIGH,ACK,200,0,0,0,0,0,0,0,0,0,0,0,100.00,CTRL_TIMEOUT
2026-09-06T21:59:13,1.0,1,,80,2000,HIGH,NOACK,200,0,0,0,0,0,0,0,0,0,0,0,100.00,CTRL_TIMEOUT
2026-09-06T21:59:15,1.0,1,,80,2000,HIGH,ACK,200,0,0,0,0,0,0,0,0,0,0,0,100.00,CTRL_TIMEOUT
2026-09-06T21:59:26,1.0,1,,80,250,HIGH,NOACK,1000,0,0,0,0,0,0,0,0,0,0,0,100.00,CTRL_TIMEOUT
2026-09-06T21:59:28,1.0,1,,80,250,HIGH,ACK,1000,0,0,0,0,0,0,0,0,0,0,0,100.00,CTRL_TIMEOUT
2026-09-06T21:59:30,1.0,1,,80,1000,HIGH,NOACK,1000,0,0,0,0,0,0,0,0,0,0,0,100.00,CTRL_TIMEOUT
2026-09-06T21:59:32,1.0,1,,80,1000,HIGH,ACK,1000,0,0,0,0,0,0,0,0,0,0,0,100.00,CTRL_TIMEOUT
2026-09-06T21:59:34,1.0,1,,80,2000,HIGH,NOACK,1000,0,0,0,0,0,0,0,0,0,0,0,100.00,CTRL_TIMEOUT
2026-09-06T21:59:36,1.0,1,,80,2000,HIGH,ACK,1000,0,0,0,0,0,0,0,0,0,0,0,100.00,CTRL_TIMEOUT
2026-09-06T22:00:04,1.0,1,,80,250,HIGH,NOACK,1000,0,0,0,0,0,0,0,0,0,0,0,100.00,CTRL_TIMEOUT
2026-09-06T22:00:06,1.0,1,,80,250,HIGH,ACK,1000,0,0,0,0,0,0,0,0,0,0,0,100.00,CTRL_TIMEOUT
2026-09-06T22:00:09,1.0,1,,80,1000,HIGH,NOACK,1000,0,0,0,0,0,0,0,0,0,0,0,100.00,CTRL_TIMEOUT
2026-09-06T22:00:11,1.0,1,,80,1000,HIGH,ACK,1000,0,0,0,0,0,0,0,0,0,0,0,100.00,CTRL_TIMEOUT
2026-09-06T22:00:13,1.0,1,,80,2000,HIGH,NOACK,1000,0,0,0,0,0,0,0,0,0,0,0,100.00,CTRL_TIMEOUT
2026-09-06T22:00:15,1.0,1,,80,2000,HIGH,ACK,1000,0,0,0,0,0,0,0,0,0,0,0,100.00,CTRL_TIMEOUT
2026-09-06T22:26:20,5.0,1,,76,250,LOW,NOACK,200,0,0,0,0,0,0,0,0,0,0,0,100.00,CTRL_TIMEOUT
2026-09-06T22:26:22,5.0,1,,76,250,LOW,ACK,200,0,0,0,0,0,0,0,0,0,0,0,100.00,CTRL_TIMEOUT
2026-09-06T22:26:24,5.0,1,,76,1000,LOW,NOACK,200,0,0,0,0,0,0,0,0,0,0,0,100.00,CTRL_TIMEOUT
2026-09-06T22:26:26,5.0,1,,76,1000,LOW,ACK,200,0,0,0,0,0,0,0,0,0,0,0,100.00,CTRL_TIMEOUT
2026-09-06T22:26:28,5.0,1,,76,2000,LOW,NOACK,200,0,0,0,0,0,0,0,0,0,0,0,100.00,CTRL_TIMEOUT
2026-09-06T22:26:30,5.0,1,,76,2000,LOW,ACK,200,0,0,0,0,0,0,0,0,0,0,0,100.00,CTRL_TIMEOUT
2026-09-06T22:27:30,5.0,1,,76,250,LOW,NOACK,200,200,199,0,0,0,0,0,0,600,661,401,0.50,OK
2026-09-06T22:27:32,5.0,1,,76,250,LOW,ACK,200,0,0,0,0,0,0,0,0,0,0,0,100.00,CTRL_TIMEOUT
2026-09-06T22:27:34,5.0,1,,76,1000,LOW,NOACK,200,0,0,0,0,0,0,0,0,0,0,0,100.00,CTRL_TIMEOUT
2026-09-06T22:27:36,5.0,1,,76,1000,LOW,ACK,200,200,200,0,0,200,0,8,1,136,456,196,0.00,OK
2026-09-06T22:27:38,5.0,1,,76,2000,LOW,NOACK,200,0,0,0,0,0,0,0,0,0,0,0,100.00,CTRL_TIMEOUT
2026-09-06T22:34:43,5.0,1,,76,250,LOW,NOACK,200,0,0,0,0,0,0,0,0,0,0,0,100.00,CTRL_TIMEOUT
2026-09-06T22:34:45,5.0,1,,76,250,LOW,ACK,200,0,0,0,0,0,0,0,0,0,0,0,100.00,CTRL_TIMEOUT
2026-09-06T22:34:48,5.0,1,,76,1000,LOW,NOACK,200,0,0,0,0,0,0,0,0,0,0,0,100.00,CTRL_TIMEOUT
2026-09-06T22:34:50,5.0,1,,76,1000,LOW,ACK,200,0,0,0,0,0,0,0,0,0,0,0,100.00,CTRL_TIMEOUT
2026-09-06T22:34:52,5.0,1,,76,2000,LOW,NOACK,200,0,0,0,0,0,0,0,0,0,0,0,100.00,CTRL_TIMEOUT
2026-09-06T22:34:54,5.0,1,,76,2000,LOW,ACK,200,0,0,0,0,0,0,0,0,0,0,0,100.00,CTRL_TIMEOUT
2026-09-06T22:35:38,5.0,1,,76,250,LOW,NOACK,200,0,0,0,0,0,0,0,0,0,0,0,100.00,CTRL_TIMEOUT
2026-09-06T22:35:40,5.0,1,,76,250,LOW,ACK,200,0,0,0,0,0,0,0,0,0,0,0,100.00,CTRL_TIMEOUT
2026-09-06T22:35:42,5.0,1,,76,1000,LOW,NOACK,200,0,0,0,0,0,0,0,0,0,0,0,100.00,CTRL_TIMEOUT
2026-09-06T22:35:44,5.0,1,,76,1000,LOW,ACK,200,200,200,0,0,200,0,14,1,130,468,208,0.00,OK
2026-09-06T22:35:46,5.0,1,,76,2000,LOW,NOACK,200,0,0,0,0,0,0,0,0,0,0,0,100.00,CTRL_TIMEOUT
2026-09-06T22:35:48,5.0,1,,76,2000,LOW,ACK,200,0,0,0,0,0,0,0,0,0,0,0,100.00,CTRL_TIMEOUT
2026-09-06T22:36:07,5.0,1,,76,250,LOW,NOACK,200,0,0,0,0,0,0,0,0,0,0,0,100.00,CTRL_TIMEOUT
2026-09-06T22:36:09,5.0,1,,76,250,LOW,ACK,200,0,0,0,0,0,0,0,0,0,0,0,100.00,CTRL_TIMEOUT
2026-09-06T22:36:11,5.0,1,,76,1000,LOW,NOACK,200,0,0,0,0,0,0,0,0,0,0,0,100.00,CTRL_TIMEOUT
2026-09-06T22:36:13,5.0,1,,76,1000,LOW,ACK,200,0,0,0,0,0,0,0,0,0,0,0,100.00,CTRL_TIMEOUT
2026-09-06T22:36:15,5.0,1,,76,2000,LOW,NOACK,200,0,0,0,0,0,0,0,0,0,0,0,100.00,CTRL_TIMEOUT
2026-09-06T22:36:17,5.0,1,,76,2000,LOW,ACK,200,0,0,0,0,0,0,0,0,0,0,0,100.00,CTRL_TIMEOUT
2026-09-06T22:36:33,5.0,1,,76,250,LOW,NOACK,200,0,0,0,0,0,0,0,0,0,0,0,100.00,CTRL_TIMEOUT
2026-09-06T22:36:35,5.0,1,,76,250,LOW,ACK,200,0,0,0,0,0,0,0,0,0,0,0,100.00,CTRL_TIMEOUT
2026-09-06T22:36:37,5.0,1,,76,1000,LOW,NOACK,200,0,0,0,0,0,0,0,0,0,0,0,100.00,CTRL_TIMEOUT
2026-09-06T22:36:39,5.0,1,,76,1000,LOW,ACK,200,0,0,0,0,0,0,0,0,0,0,0,100.00,CTRL_TIMEOUT
2026-09-06T22:36:41,5.0,1,,76,2000,LOW,NOACK,200,0,0,0,0,0,0,0,0,0,0,0,100.00,CTRL_TIMEOUT
2026-09-06T22:36:43,5.0,1,,76,2000,LOW,ACK,200,0,0,0,0,0,0,0,0,0,0,0,100.00,CTRL_TIMEOUT
2026-09-06T22:38:22,5.0,1,,76,250,LOW,NOACK,200,200,199,0,0,0,0,0,0,601,661,401,0.50,OK
2026-09-06T22:38:24,5.0,1,,76,250,LOW,ACK,200,0,0,0,0,0,0,0,0,0,0,0,100.00,CTRL_TIMEOUT
2026-09-06T22:38:26,5.0,1,,76,1000,LOW,NOACK,200,0,0,0,0,0,0,0,0,0,0,0,100.00,CTRL_TIMEOUT
2026-09-06T22:38:28,5.0,1,,76,1000,LOW,ACK,200,0,0,0,0,0,0,0,0,0,0,0,100.00,CTRL_TIMEOUT
2026-09-06T22:38:30,5.0,1,,76,2000,LOW,NOACK,200,0,0,0,0,0,0,0,0,0,0,0,100.00,CTRL_TIMEOUT
2026-09-06T22:38:32,5.0,1,,76,2000,LOW,ACK,200,0,0,0,0,0,0,0,0,0,0,0,100.00,CTRL_TIMEOUT
2026-09-06T22:38:41,5.0,1,,76,250,LOW,NOACK,200,0,0,0,0,0,0,0,0,0,0,0,100.00,CTRL_TIMEOUT
2026-09-06T22:38:43,5.0,1,,76,250,LOW,ACK,200,0,0,0,0,0,0,0,0,0,0,0,100.00,CTRL_TIMEOUT
2026-09-06T22:38:45,5.0,1,,76,1000,LOW,NOACK,200,0,0,0,0,0,0,0,0,0,0,0,100.00,CTRL_TIMEOUT
2026-09-06T22:38:47,5.0,1,,76,1000,LOW,ACK,200,0,0,0,0,0,0,0,0,0,0,0,100.00,CTRL_TIMEOUT
2026-09-06T22:38:49,5.0,1,,76,2000,LOW,NOACK,200,0,0,0,0,0,0,0,0,0,0,0,100.00,CTRL_TIMEOUT
2026-09-06T22:38:51,5.0,1,,76,2000,LOW,ACK,200,0,0,0,0,0,0,0,0,0,0,0,100.00,CTRL_TIMEOUT
2026-09-06T22:39:00,5.0,1,,76,250,LOW,NOACK,200,0,0,0,0,0,0,0,0,0,0,0,100.00,CTRL_TIMEOUT
2026-09-06T22:39:02,5.0,1,,76,250,LOW,ACK,200,0,0,0,0,0,0,0,0,0,0,0,100.00,CTRL_TIMEOUT
2026-09-06T22:39:04,5.0,1,,76,1000,LOW,NOACK,200,0,0,0,0,0,0,0,0,0,0,0,100.00,CTRL_TIMEOUT
2026-09-06T22:39:06,5.0,1,,76,1000,LOW,ACK,200,0,0,0,0,0,0,0,0,0,0,0,100.00,CTRL_TIMEOUT
2026-09-06T22:39:08,5.0,1,,76,2000,LOW,NOACK,200,0,0,0,0,0,0,0,0,0,0,0,100.00,CTRL_TIMEOUT
2026-09-06T22:39:10,5.0,1,,76,2000,LOW,ACK,200,0,0,0,0,0,0,0,0,0,0,0,100.00,CTRL_TIMEOUT
2026-09-06T22:39:15,5.0,1,,76,250,LOW,NOACK,200,200,199,0,0,0,0,0,0,600,661,401,0.50,OK
2026-09-06T22:39:17,5.0,1,,76,250,LOW,ACK,200,0,0,0,0,0,0,0,0,0,0,0,100.00,CTRL_TIMEOUT
2026-09-06T22:39:19,5.0,1,,76,1000,LOW,NOACK,200,0,0,0,0,0,0,0,0,0,0,0,100.00,CTRL_TIMEOUT
2026-09-06T22:39:21,5.0,1,,76,1000,LOW,ACK,200,200,200,0,0,200,0,15,1,136,461,210,0.00,OK
2026-09-06T22:39:23,5.0,1,,76,2000,LOW,NOACK,200,0,0,0,0,0,0,0,0,0,0,0,100.00,CTRL_TIMEOUT
2026-09-06T22:39:25,5.0,1,,76,2000,LOW,ACK,200,0,0,0,0,0,0,0,0,0,0,0,100.00,CTRL_TIMEOUT
2026-09-06T22:44:00,5.0,1,,76,250,LOW,NOACK,200,0,0,0,0,0,0,0,0,0,0,0,100.00,CTRL_TIMEOUT
2026-09-06T22:44:02,5.0,1,,76,250,LOW,ACK,200,0,0,0,0,0,0,0,0,0,0,0,100.00,CTRL_TIMEOUT
2026-09-06T22:44:04,5.0,1,,76,1000,LOW,NOACK,200,0,0,0,0,0,0,0,0,0,0,0,100.00,CTRL_TIMEOUT
2026-09-06T22:44:06,5.0,1,,76,1000,LOW,ACK,200,200,200,0,0,200,0,11,1,141,462,203,0.00,OK
2026-09-06T22:44:08,5.0,1,,76,2000,LOW,NOACK,200,0,0,0,0,0,0,0,0,0,0,0,100.00,CTRL_TIMEOUT
2026-09-06T22:44:10,5.0,1,,76,2000,LOW,ACK,200,0,0,0,0,0,0,0,0,0,0,0,100.00,CTRL_TIMEOUT
2026-09-06T22:44:22,5.0,1,,76,250,HIGH,NOACK,200,200,189,0,0,0,0,0,0,601,652,401,5.50,OK
2026-09-06T22:44:24,5.0,1,,76,250,HIGH,ACK,200,0,0,0,0,0,0,0,0,0,0,0,100.00,CTRL_TIMEOUT
2026-09-06T22:44:26,5.0,1,,76,1000,HIGH,NOACK,200,0,0,0,0,0,0,0,0,0,0,0,100.00,CTRL_TIMEOUT
2026-09-06T22:44:31,5.0,1,,76,1000,HIGH,ACK,200,200,200,0,0,178,22,1338,15,1457,3091,2834,11.00,OK
2026-09-06T22:44:33,5.0,1,,76,2000,HIGH,NOACK,200,0,0,0,0,0,0,0,0,0,0,0,100.00,CTRL_TIMEOUT
2026-09-06T22:44:35,5.0,1,,76,2000,HIGH,ACK,200,0,0,0,0,0,0,0,0,0,0,0,100.00,CTRL_TIMEOUT
2026-09-06T22:47:02,5.0,1,,76,250,LOW,NOACK,200,200,199,0,0,0,0,0,0,600,661,401,0.50,OK
2026-09-06T22:47:03,5.0,1,,76,250,LOW,ACK,200,200,200,0,0,200,0,1,1,257,693,435,0.00,OK
2026-09-06T22:47:04,5.0,1,,76,1000,LOW,NOACK,200,200,199,0,0,0,0,0,0,599,659,401,0.50,OK
2026-09-06T22:47:04,5.0,1,,76,1000,LOW,ACK,200,200,200,0,0,200,0,0,0,134,438,181,0.00,OK
2026-09-06T22:47:05,5.0,1,,76,2000,LOW,NOACK,200,200,200,0,0,0,0,0,0,600,660,401,0.00,OK
2026-09-06T22:47:06,5.0,1,,76,2000,LOW,ACK,200,200,200,0,0,200,0,1,1,89,403,143,0.00,OK
2026-09-06T22:47:14,5.0,1,,76,250,LOW,NOACK,200,200,199,0,0,0,0,0,0,600,661,401,0.50,OK
2026-09-06T22:47:15,5.0,1,,76,250,LOW,ACK,200,200,200,0,0,200,0,1,1,261,691,435,0.00,OK
2026-09-06T22:47:16,5.0,1,,76,1000,LOW,NOACK,200,200,199,0,0,0,0,0,0,599,660,401,0.50,OK
2026-09-06T22:47:16,5.0,1,,76,1000,LOW,ACK,200,200,200,0,0,200,0,1,1,128,442,183,0.00,OK
2026-09-06T22:47:18,5.0,1,,76,2000,LOW,NOACK,200,0,0,0,0,0,0,0,0,0,0,0,100.00,CTRL_TIMEOUT
2026-09-06T22:47:20,5.0,1,,76,2000,LOW,ACK,200,0,0,0,0,0,0,0,0,0,0,0,100.00,CTRL_TIMEOUT
2026-09-06T22:47:24,5.0,1,,76,250,LOW,NOACK,200,200,200,0,0,0,0,0,0,601,661,401,0.00,OK
2026-09-06T22:47:25,5.0,1,,76,250,LOW,ACK,200,200,200,0,0,200,0,2,1,256,691,437,0.00,OK
2026-09-06T22:47:26,5.0,1,,76,1000,LOW,NOACK,200,200,200,0,0,0,0,0,0,600,660,401,0.00,OK
2026-09-06T22:47:28,5.0,1,,76,1000,LOW,ACK,200,0,0,0,0,0,0,0,0,0,0,0,100.00,CTRL_TIMEOUT
2026-09-06T22:47:30,5.0,1,,76,2000,LOW,NOACK,200,0,0,0,0,0,0,0,0,0,0,0,100.00,CTRL_TIMEOUT
2026-09-06T22:47:32,5.0,1,,76,2000,LOW,ACK,200,200,200,0,0,200,0,1,1,84,407,143,0.00,OK
2026-09-06T22:47:39,5.0,1,,76,250,LOW,NOACK,200,200,200,0,0,0,0,0,0,600,660,401,0.00,OK
2026-09-06T22:47:40,5.0,1,,76,250,LOW,ACK,200,200,200,0,0,200,0,2,1,262,697,438,0.00,OK
2026-09-06T22:47:41,5.0,1,,76,1000,LOW,NOACK,200,200,200,0,0,0,0,0,0,599,660,401,0.00,OK
2026-09-06T22:47:41,5.0,1,,76,1000,LOW,ACK,200,200,200,0,0,200,0,0,0,119,441,181,0.00,OK
2026-09-06T22:47:42,5.0,1,,76,2000,LOW,NOACK,200,200,200,0,0,0,0,0,0,600,659,401,0.00,OK
2026-09-06T22:47:43,5.0,1,,76,2000,LOW,ACK,200,200,200,0,0,200,0,1,1,80,399,143,0.00,OK
2026-09-06T22:47:45,5.0,1,,76,250,LOW,NOACK,200,200,200,0,0,0,0,0,0,601,661,401,0.00,OK
2026-09-06T22:47:46,5.0,1,,76,250,LOW,ACK,200,200,200,0,0,200,0,1,1,252,686,435,0.00,OK
2026-09-06T22:47:47,5.0,1,,76,1000,LOW,NOACK,200,200,200,0,0,0,0,0,0,600,657,401,0.00,OK
2026-09-06T22:47:47,5.0,1,,76,1000,LOW,ACK,200,200,200,0,0,200,0,0,0,140,441,181,0.00,OK
2026-09-06T22:47:48,5.0,1,,76,2000,LOW,NOACK,200,200,200,0,0,0,0,0,0,600,649,401,0.00,OK
2026-09-06T22:47:48,5.0,1,,76,2000,LOW,ACK,200,200,200,0,0,200,0,1,1,90,403,143,0.00,OK
2026-09-06T22:47:51,5.0,1,,76,250,LOW,NOACK,200,200,199,0,0,0,0,0,0,601,661,401,0.50,OK
2026-09-06T22:47:51,5.0,1,,76,250,LOW,ACK,200,200,200,0,0,200,0,3,1,263,700,441,0.00,OK
2026-09-06T22:47:52,5.0,1,,76,1000,LOW,NOACK,200,200,199,0,0,0,0,0,0,600,660,401,0.50,OK
2026-09-06T22:47:53,5.0,1,,76,1000,LOW,ACK,200,200,200,0,0,200,0,1,1,141,437,183,0.00,OK
2026-09-06T22:47:53,5.0,1,,76,2000,LOW,NOACK,200,200,200,0,0,0,0,0,0,600,660,401,0.00,OK
2026-09-06T22:47:54,5.0,1,,76,2000,LOW,ACK,200,200,200,0,0,200,0,1,1,92,382,143,0.00,OK
2026-09-06T22:47:57,5.0,1,,76,250,LOW,NOACK,200,200,200,0,0,0,0,0,0,600,661,401,0.00,OK
2026-09-06T22:47:57,5.0,1,,76,250,LOW,ACK,200,200,200,0,0,200,0,1,1,254,695,435,0.00,OK
2026-09-06T22:47:58,5.0,1,,76,1000,LOW,NOACK,200,200,200,0,0,0,0,0,0,599,656,401,0.00,OK
2026-09-06T22:47:59,5.0,1,,76,1000,LOW,ACK,200,200,200,0,0,200,0,0,0,123,437,181,0.00,OK
2026-09-06T22:47:59,5.0,1,,76,2000,LOW,NOACK,200,200,200,0,0,0,0,0,0,599,659,401,0.00,OK
2026-09-06T22:48:01,5.0,1,,76,2000,LOW,ACK,200,0,0,0,0,0,0,0,0,0,0,0,100.00,CTRL_TIMEOUT
2026-09-06T22:48:06,5.0,1,,76,250,LOW,NOACK,200,200,199,0,0,0,0,0,0,601,662,401,0.50,OK
2026-09-06T22:48:07,5.0,1,,76,250,LOW,ACK,200,200,200,0,0,200,0,2,1,258,697,438,0.00,OK
2026-09-06T22:48:08,5.0,1,,76,1000,LOW,NOACK,200,200,199,0,0,0,0,0,0,600,652,401,0.50,OK
2026-09-06T22:48:08,5.0,1,,76,1000,LOW,ACK,200,200,200,0,0,200,0,0,0,132,438,181,0.00,OK
2026-09-06T22:48:09,5.0,1,,76,2000,LOW,NOACK,200,200,200,0,0,0,0,0,0,599,642,401,0.00,OK
2026-09-06T22:48:09,5.0,1,,76,2000,LOW,ACK,200,200,200,0,0,200,0,0,0,83,401,141,0.00,OK
